what,kind,bundleId,bundleVersion,description,time
activated,perspective,org.eclipse.jst.j2ee.ui,,"org.eclipse.jst.j2ee.J2EEPerspective",1487504386849
started,bundle,org.eclipse.osgi,3.7.2.v20120110-1415,"org.eclipse.osgi",1487504386850
started,bundle,org.eclipse.equinox.simpleconfigurator,1.0.200.v20110815-1438,"org.eclipse.equinox.simpleconfigurator",1487504386851
started,bundle,com.ibm.icu,4.4.2.v20110823,"com.ibm.icu",1487504386851
started,bundle,org.eclipse.core.contenttype,3.4.100.v20110423-0524,"org.eclipse.core.contenttype",1487504386852
started,bundle,org.eclipse.core.databinding.observable,1.4.0.I20110222-0800,"org.eclipse.core.databinding.observable",1487504386852
started,bundle,org.eclipse.core.expressions,3.4.300.v20110228,"org.eclipse.core.expressions",1487504386853
started,bundle,org.eclipse.core.filebuffers,3.5.200.v20110928-1504,"org.eclipse.core.filebuffers",1487504386853
started,bundle,org.eclipse.core.filesystem,1.3.100.v20110423-0524,"org.eclipse.core.filesystem",1487504386853
started,bundle,org.eclipse.core.jobs,3.5.101.v20120113-1953,"org.eclipse.core.jobs",1487504386854
started,bundle,org.eclipse.core.net,1.2.100.I20110511-0800,"org.eclipse.core.net",1487504386855
started,bundle,org.eclipse.core.resources,3.7.101.v20120125-1505,"org.eclipse.core.resources",1487504386855
started,bundle,org.eclipse.core.runtime,3.7.0.v20110110,"org.eclipse.core.runtime",1487504386856
started,bundle,org.eclipse.core.runtime.compatibility,3.2.100.v20100505,"org.eclipse.core.runtime.compatibility",1487504386856
started,bundle,org.eclipse.core.runtime.compatibility.auth,3.2.200.v20110110,"org.eclipse.core.runtime.compatibility.auth",1487504386857
started,bundle,org.eclipse.emf.common,2.7.0.v20120127-1122,"org.eclipse.emf.common",1487504386857
started,bundle,org.eclipse.emf.common.ui,2.7.0.v20120130-0943,"org.eclipse.emf.common.ui",1487504386857
started,bundle,org.eclipse.emf.ecore,2.7.0.v20120127-1122,"org.eclipse.emf.ecore",1487504386857
started,bundle,org.eclipse.emf.ecore.xmi,2.7.0.v20120127-1122,"org.eclipse.emf.ecore.xmi",1487504386857
started,bundle,org.eclipse.emf.edit,2.7.2.v20120130-0943,"org.eclipse.emf.edit",1487504386857
started,bundle,org.eclipse.emf.edit.ui,2.7.0.v20120130-0943,"org.eclipse.emf.edit.ui",1487504386857
started,bundle,org.eclipse.epp.mpc.ui,1.1.1.I20110907-0947,"org.eclipse.epp.mpc.ui",1487504386857
started,bundle,org.eclipse.epp.usagedata.gathering,1.3.1.R201106061540,"org.eclipse.epp.usagedata.gathering",1487504386858
started,bundle,org.eclipse.epp.usagedata.recording,1.3.1.R201106061540,"org.eclipse.epp.usagedata.recording",1487504386860
started,bundle,org.eclipse.equinox.app,1.3.100.v20110321,"org.eclipse.equinox.app",1487504386860
started,bundle,org.eclipse.equinox.common,3.6.0.v20110523,"org.eclipse.equinox.common",1487504386860
started,bundle,org.eclipse.equinox.ds,1.3.1.R37x_v20110701,"org.eclipse.equinox.ds",1487504386861
started,bundle,org.eclipse.equinox.event,1.2.100.v20110502,"org.eclipse.equinox.event",1487504386862
started,bundle,org.eclipse.equinox.p2.core,2.1.1.v20120113-1346,"org.eclipse.equinox.p2.core",1487504386862
started,bundle,org.eclipse.equinox.p2.directorywatcher,1.0.300.v20110815-1419,"org.eclipse.equinox.p2.directorywatcher",1487504386863
started,bundle,org.eclipse.equinox.p2.engine,2.1.1.R37x_v20111003,"org.eclipse.equinox.p2.engine",1487504386863
started,bundle,org.eclipse.equinox.p2.metadata,2.1.0.v20110815-1419,"org.eclipse.equinox.p2.metadata",1487504386863
started,bundle,org.eclipse.equinox.p2.metadata.repository,1.2.0.v20110815-1419,"org.eclipse.equinox.p2.metadata.repository",1487504386864
started,bundle,org.eclipse.equinox.p2.operations,2.1.1.R37x_v20111111,"org.eclipse.equinox.p2.operations",1487504386864
started,bundle,org.eclipse.equinox.p2.reconciler.dropins,1.1.100.v20110815-1419,"org.eclipse.equinox.p2.reconciler.dropins",1487504386865
started,bundle,org.eclipse.equinox.p2.repository,2.1.1.v20120113-1346,"org.eclipse.equinox.p2.repository",1487504386865
started,bundle,org.eclipse.equinox.p2.ui.sdk.scheduler,1.0.100.v20110815-1419,"org.eclipse.equinox.p2.ui.sdk.scheduler",1487504386865
started,bundle,org.eclipse.equinox.p2.updatechecker,1.1.200.v20110815-1419,"org.eclipse.equinox.p2.updatechecker",1487504386866
started,bundle,org.eclipse.equinox.preferences,3.4.2.v20120111-2020,"org.eclipse.equinox.preferences",1487504386866
started,bundle,org.eclipse.equinox.registry,3.5.101.R37x_v20110810-1611,"org.eclipse.equinox.registry",1487504386867
started,bundle,org.eclipse.equinox.security,1.1.1.R37x_v20110822-1018,"org.eclipse.equinox.security",1487504386867
started,bundle,org.eclipse.equinox.util,1.0.300.v20110502,"org.eclipse.equinox.util",1487504386868
started,bundle,org.eclipse.help,3.5.100.v20110426,"org.eclipse.help",1487504386868
started,bundle,org.eclipse.jdt.core,3.7.3.v20120119-1537,"org.eclipse.jdt.core",1487504386870
started,bundle,org.eclipse.jdt.core.manipulation,1.4.0.v20110928-1453,"org.eclipse.jdt.core.manipulation",1487504386871
started,bundle,org.eclipse.jdt.ui,3.7.2.v20120109-1427,"org.eclipse.jdt.ui",1487504386873
started,bundle,org.eclipse.jem.util,2.1.100.v201103021400,"org.eclipse.jem.util",1487504386874
started,bundle,org.eclipse.jface,3.7.0.v20110928-1505,"org.eclipse.jface",1487504386875
started,bundle,org.eclipse.jsch.core,1.1.300.I20110514-0800,"org.eclipse.jsch.core",1487504386875
started,bundle,org.eclipse.jst.j2ee.ui,1.1.503.v201201190400,"org.eclipse.jst.j2ee.ui",1487504386884
started,bundle,org.eclipse.jst.j2ee.webservice,1.1.400.v201004110600,"org.eclipse.jst.j2ee.webservice",1487504386885
started,bundle,org.eclipse.jst.j2ee.webservice.ui,1.1.500.v201105122000,"org.eclipse.jst.j2ee.webservice.ui",1487504386885
started,bundle,org.eclipse.jst.ws.jaxws.utils,1.0.100.v201201031437,"org.eclipse.jst.ws.jaxws.utils",1487504386886
started,bundle,org.eclipse.mylyn.bugzilla.core,3.6.5.v20120123-0100,"org.eclipse.mylyn.bugzilla.core",1487504386886
started,bundle,org.eclipse.mylyn.bugzilla.ui,3.6.0.v20110608-1400,"org.eclipse.mylyn.bugzilla.ui",1487504386887
started,bundle,org.eclipse.mylyn.commons.identity,0.8.0.v20110608-1400,"org.eclipse.mylyn.commons.identity",1487504386887
started,bundle,org.eclipse.mylyn.commons.net,3.6.0.v20110608-1400,"org.eclipse.mylyn.commons.net",1487504386887
started,bundle,org.eclipse.mylyn.commons.ui,3.6.1.v20110720-0100,"org.eclipse.mylyn.commons.ui",1487504386888
started,bundle,org.eclipse.mylyn.context.core,3.6.1.v20110720-0100,"org.eclipse.mylyn.context.core",1487504386888
started,bundle,org.eclipse.mylyn.context.ui,3.6.1.v20120112-0100,"org.eclipse.mylyn.context.ui",1487504386910
started,bundle,org.eclipse.mylyn.monitor.ui,3.6.0.v20110608-1400,"org.eclipse.mylyn.monitor.ui",1487504386910
started,bundle,org.eclipse.mylyn.tasks.ui,3.6.5.v20120215-0100,"org.eclipse.mylyn.tasks.ui",1487504386911
started,bundle,org.eclipse.mylyn.team.ui,3.6.1.v20110825-0100,"org.eclipse.mylyn.team.ui",1487504386912
started,bundle,org.eclipse.search,3.7.0.v20110928-1504,"org.eclipse.search",1487504386913
started,bundle,org.eclipse.team.core,3.6.0.I20110525-0800,"org.eclipse.team.core",1487504386913
started,bundle,org.eclipse.team.cvs.core,3.3.400.I20110510-0800,"org.eclipse.team.cvs.core",1487504386914
started,bundle,org.eclipse.team.cvs.ui,3.3.401.v20120126-1227,"org.eclipse.team.cvs.ui",1487504386915
started,bundle,org.eclipse.team.ui,3.6.101.R37x_v20111109-0800,"org.eclipse.team.ui",1487504386916
started,bundle,org.eclipse.ui,3.7.0.v20110928-1505,"org.eclipse.ui",1487504386917
started,bundle,org.eclipse.ui.console,3.5.100.v20111007_r372,"org.eclipse.ui.console",1487504386918
started,bundle,org.eclipse.ui.editors,3.7.0.v20110928-1504,"org.eclipse.ui.editors",1487504386970
started,bundle,org.eclipse.ui.forms,3.5.101.v20111011-1919,"org.eclipse.ui.forms",1487504386971
started,bundle,org.eclipse.ui.ide,3.7.0.v20110928-1505,"org.eclipse.ui.ide",1487504386972
started,bundle,org.eclipse.ui.intro,3.4.100.v20110425,"org.eclipse.ui.intro",1487504386973
started,bundle,org.eclipse.ui.intro.universal,3.2.500.v20110510,"org.eclipse.ui.intro.universal",1487504386973
started,bundle,org.eclipse.ui.navigator,3.5.101.v20120106-1355,"org.eclipse.ui.navigator",1487504386973
started,bundle,org.eclipse.ui.navigator.resources,3.4.300.v20110928-1505,"org.eclipse.ui.navigator.resources",1487504386976
started,bundle,org.eclipse.ui.net,1.2.100.v20111208-1155,"org.eclipse.ui.net",1487504386977
started,bundle,org.eclipse.ui.views,3.6.0.v20110928-1505,"org.eclipse.ui.views",1487504386978
started,bundle,org.eclipse.ui.workbench,3.7.1.v20120104-1859,"org.eclipse.ui.workbench",1487504386978
started,bundle,org.eclipse.ui.workbench.texteditor,3.7.0.v20110928-1504,"org.eclipse.ui.workbench.texteditor",1487504386979
started,bundle,org.eclipse.update.configurator,3.3.100.v20100512,"org.eclipse.update.configurator",1487504386980
started,bundle,org.eclipse.update.core,3.2.500.v20110330,"org.eclipse.update.core",1487504386981
started,bundle,org.eclipse.update.scheduler,3.2.300.v20100512,"org.eclipse.update.scheduler",1487504386981
started,bundle,org.eclipse.wst.common.emf,1.2.100.v201101101900,"org.eclipse.wst.common.emf",1487504386982
started,bundle,org.eclipse.wst.common.emfworkbench.integration,1.2.101.v201107140600,"org.eclipse.wst.common.emfworkbench.integration",1487504386983
started,bundle,org.eclipse.wst.common.frameworks,1.2.102.v201201190400,"org.eclipse.wst.common.frameworks",1487504386984
started,bundle,org.eclipse.wst.common.project.facet.core,1.4.201.v201201101553,"org.eclipse.wst.common.project.facet.core",1487504386984
started,bundle,org.eclipse.wst.web,1.1.501.v201201190400,"org.eclipse.wst.web",1487504386984
os,sysinfo,,,"win32",1487504386988
arch,sysinfo,,,"x86_64",1487504386988
ws,sysinfo,,,"win32",1487504386988
locale,sysinfo,,,"zh_CN",1487504386988
processors,sysinfo,,,"4",1487504386988
java.runtime.name,sysinfo,,,"Java(TM) SE Runtime Environment",1487504386989
java.runtime.version,sysinfo,,,"1.8.0_60-b27",1487504386989
java.specification.name,sysinfo,,,"Java Platform API Specification",1487504386989
java.specification.vendor,sysinfo,,,"Oracle Corporation",1487504386989
java.specification.version,sysinfo,,,"1.8",1487504386989
java.vendor,sysinfo,,,"Oracle Corporation",1487504386989
java.version,sysinfo,,,"1.8.0_60",1487504386989
java.vm.info,sysinfo,,,"mixed mode",1487504386989
java.vm.name,sysinfo,,,"Java HotSpot(TM) 64-Bit Server VM",1487504386989
java.vm.specification.name,sysinfo,,,"Java Virtual Machine Specification",1487504386989
java.vm.specification.vendor,sysinfo,,,"Oracle Corporation",1487504386989
java.vm.specification.version,sysinfo,,,"1.8",1487504386989
java.vm.vendor,sysinfo,,,"Oracle Corporation",1487504386989
java.vm.version,sysinfo,,,"25.60-b23",1487504386989
activated,view,org.eclipse.ui.navigator.resources,3.4.300.v20110928-1505,"org.eclipse.ui.navigator.ProjectExplorer",1487504407330
activated,view,org.eclipse.ui.navigator.resources,3.4.300.v20110928-1505,"org.eclipse.ui.navigator.ProjectExplorer",1487504407365
closed,view,org.eclipse.ui,3.7.0.v20110928-1505,"org.eclipse.ui.internal.introview",1487504407410
deactivated,workbench,org.eclipse.ui.workbench,3.7.1.v20120104-1859,"",1487504412980
activated,workbench,org.eclipse.ui.workbench,3.7.1.v20120104-1859,"",1487504424212
deactivated,workbench,org.eclipse.ui.workbench,3.7.1.v20120104-1859,"",1487504442805
started,bundle,org.eclipse.debug.core,3.7.1.v20111129-2031,"org.eclipse.debug.core",1487504469283
started,bundle,org.eclipse.jdt.launching,3.6.1.v20111006_r372,"org.eclipse.jdt.launching",1487504469311
started,bundle,org.eclipse.jdt.debug,3.7.1.v20111006_r372,"org.eclipse.jdt.debug",1487504554685
started,bundle,org.eclipse.debug.ui,3.7.102.v20111129-1423_r372,"org.eclipse.debug.ui",1487504554810
started,bundle,org.eclipse.jdt.debug.ui,3.6.1.v20111006_r372,"org.eclipse.jdt.debug.ui",1487504554960
started,bundle,org.eclipse.jst.servlet.ui,1.1.502.v201202011054,"org.eclipse.jst.servlet.ui",1487504700958
started,bundle,org.eclipse.jst.jee.ui,1.0.401.v201202011107,"org.eclipse.jst.jee.ui",1487504701034
started,bundle,org.eclipse.jst.j2ee.navigator.ui,1.1.501.v201107261503,"org.eclipse.jst.j2ee.navigator.ui",1487504701062
started,bundle,org.eclipse.wst.common.core,1.2.0.v200908252030,"org.eclipse.wst.common.core",1487504701775
started,bundle,org.eclipse.wst.common.modulecore,1.2.103.v201201190400,"org.eclipse.wst.common.modulecore",1487504701852
started,bundle,org.eclipse.jst.j2ee.core,1.2.102.v201202090300,"org.eclipse.jst.j2ee.core",1487504702563
started,bundle,org.eclipse.jem,2.0.501.v201111030500,"org.eclipse.jem",1487504702942
started,bundle,org.eclipse.wst.common.frameworks.ui,1.2.100.v201105122000,"org.eclipse.wst.common.frameworks.ui",1487504703773
started,bundle,org.eclipse.wst.xml.core,1.1.602.v201201091944,"org.eclipse.wst.xml.core",1487504703929
started,bundle,org.eclipse.wst.validation,1.2.303.v201202090300,"org.eclipse.wst.validation",1487504704435
started,bundle,org.eclipse.jst.j2ee,1.1.503.v201202090300,"org.eclipse.jst.j2ee",1487504710004
started,bundle,org.eclipse.jst.common.project.facet.core,1.4.200.v201103170302,"org.eclipse.jst.common.project.facet.core",1487504711934
started,bundle,org.eclipse.jst.ws.jaxrs.core,1.0.301.v201108240656,"org.eclipse.jst.ws.jaxrs.core",1487504712344
activated,workbench,org.eclipse.ui.workbench,3.7.1.v20120104-1859,"",1487504764371
started,bundle,org.eclipse.pde.launching,3.6.0.v20110506,"org.eclipse.pde.launching",1487504765054
started,bundle,org.eclipse.ui.views.log,1.0.200.v20110404,"org.eclipse.ui.views.log",1487504765055
started,bundle,org.eclipse.pde.ui,3.6.100.v20120103_r372,"org.eclipse.pde.ui",1487504765060
opened,view,org.eclipse.jdt.ui,3.7.2.v20120109-1427,"org.eclipse.jdt.ui.PackageExplorer",1487504765174
opened,view,org.eclipse.ui.ide,3.7.0.v20110928-1505,"org.eclipse.ui.views.ProblemView",1487504765329
opened,view,org.eclipse.mylyn.tasks.ui,3.6.5.v20120215-0100,"org.eclipse.mylyn.tasks.ui.views.tasks",1487504765656
activated,perspective,org.eclipse.jdt.ui,3.7.2.v20120109-1427,"org.eclipse.jdt.ui.JavaPerspective",1487504765700
activated,view,org.eclipse.ui.views,3.6.0.v20110928-1505,"org.eclipse.ui.views.ContentOutline",1487504765708
activated,view,org.eclipse.jdt.ui,3.7.2.v20120109-1427,"org.eclipse.jdt.ui.PackageExplorer",1487504767581
deactivated,workbench,org.eclipse.ui.workbench,3.7.1.v20120104-1859,"",1487504776574
activated,workbench,org.eclipse.ui.workbench,3.7.1.v20120104-1859,"",1487504797066
started,bundle,org.eclipse.ltk.core.refactoring,3.5.201.r372_v20111101-0700,"org.eclipse.ltk.core.refactoring",1487504798679
started,bundle,org.eclipse.ltk.ui.refactoring,3.6.0.v20110928-1453,"org.eclipse.ltk.ui.refactoring",1487504798680
deactivated,workbench,org.eclipse.ui.workbench,3.7.1.v20120104-1859,"",1487505445233
activated,workbench,org.eclipse.ui.workbench,3.7.1.v20120104-1859,"",1487505472887
executed,command,org.eclipse.ui,3.7.0.v20110928-1505,"org.eclipse.ui.newWizard",1487505472897
started,bundle,org.eclipse.compare.core,3.5.200.I20110208-0800,"org.eclipse.compare.core",1487505475179
started,bundle,org.eclipse.compare,3.5.202.R37x_v20111109-0800,"org.eclipse.compare",1487505475185
deactivated,workbench,org.eclipse.ui.workbench,3.7.1.v20120104-1859,"",1487505491098
activated,workbench,org.eclipse.ui.workbench,3.7.1.v20120104-1859,"",1487505522349
deactivated,workbench,org.eclipse.ui.workbench,3.7.1.v20120104-1859,"",1487505544452
activated,workbench,org.eclipse.ui.workbench,3.7.1.v20120104-1859,"",1487505558757
deactivated,workbench,org.eclipse.ui.workbench,3.7.1.v20120104-1859,"",1487505564334
activated,workbench,org.eclipse.ui.workbench,3.7.1.v20120104-1859,"",1487505570504
executed,command,org.eclipse.ui,3.7.0.v20110928-1505,"org.eclipse.ui.newWizard",1487505570516
deactivated,workbench,org.eclipse.ui.workbench,3.7.1.v20120104-1859,"",1487505571681
activated,workbench,org.eclipse.ui.workbench,3.7.1.v20120104-1859,"",1487505749362
deactivated,workbench,org.eclipse.ui.workbench,3.7.1.v20120104-1859,"",1487505760441
activated,workbench,org.eclipse.ui.workbench,3.7.1.v20120104-1859,"",1487505774013
activated,view,org.eclipse.ui.ide,3.7.0.v20110928-1505,"org.eclipse.ui.views.ProblemView",1487505775003
deactivated,workbench,org.eclipse.ui.workbench,3.7.1.v20120104-1859,"",1487505776152
activated,workbench,org.eclipse.ui.workbench,3.7.1.v20120104-1859,"",1487506804692
deactivated,workbench,org.eclipse.ui.workbench,3.7.1.v20120104-1859,"",1487506805969
activated,workbench,org.eclipse.ui.workbench,3.7.1.v20120104-1859,"",1487511403092
deactivated,workbench,org.eclipse.ui.workbench,3.7.1.v20120104-1859,"",1487511404721
activated,workbench,org.eclipse.ui.workbench,3.7.1.v20120104-1859,"",1487542367541
activated,view,org.eclipse.jdt.ui,3.7.2.v20120109-1427,"org.eclipse.jdt.ui.PackageExplorer",1487542371296
deactivated,workbench,org.eclipse.ui.workbench,3.7.1.v20120104-1859,"",1487542372683
activated,workbench,org.eclipse.ui.workbench,3.7.1.v20120104-1859,"",1487542394333
deactivated,workbench,org.eclipse.ui.workbench,3.7.1.v20120104-1859,"",1487542405746
activated,workbench,org.eclipse.ui.workbench,3.7.1.v20120104-1859,"",1487542451639
deactivated,workbench,org.eclipse.ui.workbench,3.7.1.v20120104-1859,"",1487542463150
activated,workbench,org.eclipse.ui.workbench,3.7.1.v20120104-1859,"",1487542467157
deactivated,workbench,org.eclipse.ui.workbench,3.7.1.v20120104-1859,"",1487542472816
started,bundle,org.eclipse.wst.server.core,1.1.304.v20120208_1420,"org.eclipse.wst.server.core",1487542473742
started,bundle,org.eclipse.wst.server.ui,1.3.0.v20120210_1439,"org.eclipse.wst.server.ui",1487542474091
activated,workbench,org.eclipse.ui.workbench,3.7.1.v20120104-1859,"",1487542475415
deactivated,workbench,org.eclipse.ui.workbench,3.7.1.v20120104-1859,"",1487542511193
opened,editor,org.eclipse.jdt.ui,3.7.2.v20120109-1427,"org.eclipse.jdt.ui.CompilationUnitEditor",1487542545145
activated,editor,org.eclipse.jdt.ui,3.7.2.v20120109-1427,"org.eclipse.jdt.ui.CompilationUnitEditor",1487542546134
started,bundle,org.eclipse.core.variables,3.2.500.v20110928-1503,"org.eclipse.core.variables",1487542546243
activated,workbench,org.eclipse.ui.workbench,3.7.1.v20120104-1859,"",1487542546682
activated,view,org.eclipse.jdt.ui,3.7.2.v20120109-1427,"org.eclipse.jdt.ui.PackageExplorer",1487542548826
activated,editor,org.eclipse.jdt.ui,3.7.2.v20120109-1427,"org.eclipse.jdt.ui.CompilationUnitEditor",1487542549603
deactivated,workbench,org.eclipse.ui.workbench,3.7.1.v20120104-1859,"",1487542552761
activated,workbench,org.eclipse.ui.workbench,3.7.1.v20120104-1859,"",1487542566679
deactivated,workbench,org.eclipse.ui.workbench,3.7.1.v20120104-1859,"",1487542567954
activated,workbench,org.eclipse.ui.workbench,3.7.1.v20120104-1859,"",1487542571068
started,bundle,org.eclipse.jdt.junit,3.7.0.v20110928-1453,"org.eclipse.jdt.junit",1487542575614
deactivated,workbench,org.eclipse.ui.workbench,3.7.1.v20120104-1859,"",1487542576649
activated,workbench,org.eclipse.ui.workbench,3.7.1.v20120104-1859,"",1487542578423
deactivated,workbench,org.eclipse.ui.workbench,3.7.1.v20120104-1859,"",1487542582068
activated,workbench,org.eclipse.ui.workbench,3.7.1.v20120104-1859,"",1487542583093
deactivated,workbench,org.eclipse.ui.workbench,3.7.1.v20120104-1859,"",1487542587481
activated,workbench,org.eclipse.ui.workbench,3.7.1.v20120104-1859,"",1487542589603
deactivated,workbench,org.eclipse.ui.workbench,3.7.1.v20120104-1859,"",1487542597273
activated,workbench,org.eclipse.ui.workbench,3.7.1.v20120104-1859,"",1487542598478
deactivated,workbench,org.eclipse.ui.workbench,3.7.1.v20120104-1859,"",1487542600938
activated,workbench,org.eclipse.ui.workbench,3.7.1.v20120104-1859,"",1487542602204
deactivated,workbench,org.eclipse.ui.workbench,3.7.1.v20120104-1859,"",1487542603770
activated,workbench,org.eclipse.ui.workbench,3.7.1.v20120104-1859,"",1487542609159
deactivated,workbench,org.eclipse.ui.workbench,3.7.1.v20120104-1859,"",1487542616804
activated,workbench,org.eclipse.ui.workbench,3.7.1.v20120104-1859,"",1487542618714
deactivated,workbench,org.eclipse.ui.workbench,3.7.1.v20120104-1859,"",1487542625922
activated,workbench,org.eclipse.ui.workbench,3.7.1.v20120104-1859,"",1487542626965
deactivated,workbench,org.eclipse.ui.workbench,3.7.1.v20120104-1859,"",1487542659081
activated,workbench,org.eclipse.ui.workbench,3.7.1.v20120104-1859,"",1487542659202
deactivated,workbench,org.eclipse.ui.workbench,3.7.1.v20120104-1859,"",1487542665672
activated,workbench,org.eclipse.ui.workbench,3.7.1.v20120104-1859,"",1487542668141
deactivated,workbench,org.eclipse.ui.workbench,3.7.1.v20120104-1859,"",1487542675258
activated,workbench,org.eclipse.ui.workbench,3.7.1.v20120104-1859,"",1487542678844
deactivated,workbench,org.eclipse.ui.workbench,3.7.1.v20120104-1859,"",1487542687326
activated,workbench,org.eclipse.ui.workbench,3.7.1.v20120104-1859,"",1487542688587
deactivated,workbench,org.eclipse.ui.workbench,3.7.1.v20120104-1859,"",1487542691208
activated,workbench,org.eclipse.ui.workbench,3.7.1.v20120104-1859,"",1487542692412
deactivated,workbench,org.eclipse.ui.workbench,3.7.1.v20120104-1859,"",1487542695155
activated,workbench,org.eclipse.ui.workbench,3.7.1.v20120104-1859,"",1487542697156
deactivated,workbench,org.eclipse.ui.workbench,3.7.1.v20120104-1859,"",1487542700665
activated,workbench,org.eclipse.ui.workbench,3.7.1.v20120104-1859,"",1487542702668
deactivated,workbench,org.eclipse.ui.workbench,3.7.1.v20120104-1859,"",1487542706545
activated,workbench,org.eclipse.ui.workbench,3.7.1.v20120104-1859,"",1487542709370
deactivated,workbench,org.eclipse.ui.workbench,3.7.1.v20120104-1859,"",1487542712241
activated,workbench,org.eclipse.ui.workbench,3.7.1.v20120104-1859,"",1487542713081
deactivated,workbench,org.eclipse.ui.workbench,3.7.1.v20120104-1859,"",1487542715643
activated,workbench,org.eclipse.ui.workbench,3.7.1.v20120104-1859,"",1487542716802
started,bundle,org.eclipse.mylyn.ide.ui,3.6.0.v20110608-1400,"org.eclipse.mylyn.ide.ui",1487542719618
started,bundle,org.eclipse.jpt.jaxb.ui,1.1.2.v201201260000,"org.eclipse.jpt.jaxb.ui",1487542719646
started,bundle,org.eclipse.jpt.jpa.ui,3.0.2.v201201243020,"org.eclipse.jpt.jpa.ui",1487542719786
started,bundle,org.eclipse.jpt.common.core,1.0.2.v201111103010,"org.eclipse.jpt.common.core",1487542719950
started,bundle,org.eclipse.jpt.jpa.core,3.0.2.v201201243020,"org.eclipse.jpt.jpa.core",1487542719998
started,bundle,org.eclipse.jst.ws.jaxws.ui,1.0.100.v201104032053,"org.eclipse.jst.ws.jaxws.ui",1487542720158
started,bundle,org.eclipse.mylyn.java.ui,3.6.0.v20110608-1400,"org.eclipse.mylyn.java.ui",1487542720373
started,bundle,org.eclipse.pde.api.tools,1.0.301.v20111129-2053,"org.eclipse.pde.api.tools",1487542720780
started,bundle,org.eclipse.pde.api.tools.ui,1.0.301.v20110803_r371,"org.eclipse.pde.api.tools.ui",1487542720789
started,bundle,org.eclipse.jpt.jaxb.core,1.0.2.v201111103010,"org.eclipse.jpt.jaxb.core",1487542722842
deactivated,workbench,org.eclipse.ui.workbench,3.7.1.v20120104-1859,"",1487542724654
activated,workbench,org.eclipse.ui.workbench,3.7.1.v20120104-1859,"",1487542725776
deactivated,workbench,org.eclipse.ui.workbench,3.7.1.v20120104-1859,"",1487542735017
activated,workbench,org.eclipse.ui.workbench,3.7.1.v20120104-1859,"",1487542738641
deactivated,workbench,org.eclipse.ui.workbench,3.7.1.v20120104-1859,"",1487542750377
activated,workbench,org.eclipse.ui.workbench,3.7.1.v20120104-1859,"",1487542752141
deactivated,workbench,org.eclipse.ui.workbench,3.7.1.v20120104-1859,"",1487542754576
activated,workbench,org.eclipse.ui.workbench,3.7.1.v20120104-1859,"",1487542755877
deactivated,workbench,org.eclipse.ui.workbench,3.7.1.v20120104-1859,"",1487542757938
activated,workbench,org.eclipse.ui.workbench,3.7.1.v20120104-1859,"",1487542759463
deactivated,workbench,org.eclipse.ui.workbench,3.7.1.v20120104-1859,"",1487542771560
activated,workbench,org.eclipse.ui.workbench,3.7.1.v20120104-1859,"",1487542771691
executed,command,org.eclipse.ui,3.7.0.v20110928-1505,"org.eclipse.ui.edit.undo",1487542778288
executed,command,org.eclipse.ui,3.7.0.v20110928-1505,"org.eclipse.ui.edit.redo",1487542783658
executed,command,org.eclipse.ui,3.7.0.v20110928-1505,"org.eclipse.ui.edit.undo",1487542785355
executed,command,org.eclipse.ui,3.7.0.v20110928-1505,"org.eclipse.ui.edit.redo",1487542786117
deactivated,workbench,org.eclipse.ui.workbench,3.7.1.v20120104-1859,"",1487542789815
activated,workbench,org.eclipse.ui.workbench,3.7.1.v20120104-1859,"",1487542792303
deactivated,workbench,org.eclipse.ui.workbench,3.7.1.v20120104-1859,"",1487542807938
activated,workbench,org.eclipse.ui.workbench,3.7.1.v20120104-1859,"",1487542808091
executed,command,org.eclipse.ui,3.7.0.v20110928-1505,"org.eclipse.ui.edit.undo",1487542817256
executed,command,org.eclipse.ui,3.7.0.v20110928-1505,"org.eclipse.ui.edit.redo",1487542821985
activated,view,org.eclipse.jdt.ui,3.7.2.v20120109-1427,"org.eclipse.jdt.ui.PackageExplorer",1487542868431
deactivated,workbench,org.eclipse.ui.workbench,3.7.1.v20120104-1859,"",1487542896098
activated,workbench,org.eclipse.ui.workbench,3.7.1.v20120104-1859,"",1487542906418
executed,command,org.eclipse.ui,3.7.0.v20110928-1505,"org.eclipse.ui.file.properties",1487542906427
deactivated,workbench,org.eclipse.ui.workbench,3.7.1.v20120104-1859,"",1487542915137
activated,workbench,org.eclipse.ui.workbench,3.7.1.v20120104-1859,"",1487542922990
deactivated,workbench,org.eclipse.ui.workbench,3.7.1.v20120104-1859,"",1487542923396
started,bundle,org.eclipse.jst.jsp.ui,1.1.602.v201112071516,"org.eclipse.jst.jsp.ui",1487542930758
started,bundle,org.eclipse.pde.core,3.7.1.v20120103_r372,"org.eclipse.pde.core",1487542930938
started,bundle,org.eclipse.wst.jsdt.debug.rhino.ui,1.0.1.v201201112313,"org.eclipse.wst.jsdt.debug.rhino.ui",1487542930976
started,bundle,org.eclipse.wst.sse.core,1.1.602.v201112071516,"org.eclipse.wst.sse.core",1487542937934
started,bundle,org.eclipse.jst.jsp.core,1.2.402.v201112071853,"org.eclipse.jst.jsp.core",1487542937973
started,bundle,org.eclipse.wst.jsdt.manipulation,1.0.300.v201104272153,"org.eclipse.wst.jsdt.manipulation",1487542938230
started,bundle,org.eclipse.wst.jsdt.core,1.1.102.v201111090634,"org.eclipse.wst.jsdt.core",1487542938623
started,bundle,org.eclipse.wst.jsdt.ui,1.1.102.v201201131900,"org.eclipse.wst.jsdt.ui",1487542938875
